"chunk","line_start","line_end","lines"
"chunk_001_L0001-L0250.txt","1","250","250"
"chunk_002_L0251-L0500.txt","251","500","250"
"chunk_003_L0501-L0750.txt","501","750","250"
"chunk_004_L0751-L1000.txt","751","1000","250"
"chunk_005_L1001-L1250.txt","1001","1250","250"
"chunk_006_L1251-L1500.txt","1251","1500","250"
"chunk_007_L1501-L1750.txt","1501","1750","250"
"chunk_008_L1751-L2000.txt","1751","2000","250"
"chunk_009_L2001-L2250.txt","2001","2250","250"
"chunk_010_L2251-L2500.txt","2251","2500","250"
"chunk_011_L2501-L2750.txt","2501","2750","250"
"chunk_012_L2751-L3000.txt","2751","3000","250"
"chunk_013_L3001-L3250.txt","3001","3250","250"
"chunk_014_L3251-L3500.txt","3251","3500","250"
"chunk_015_L3501-L3750.txt","3501","3750","250"
"chunk_016_L3751-L4000.txt","3751","4000","250"
"chunk_017_L4001-L4250.txt","4001","4250","250"
"chunk_018_L4251-L4500.txt","4251","4500","250"
"chunk_019_L4501-L4515.txt","4501","4515","15"
